/* 菜单类别 */
insert into sys_menu_group (ID, CODE, NAME)
values ('00000000000000000001256279781915', 'XT0053', '系统管理―工作流管理');

insert into sys_menu_group (ID, CODE, NAME)
values ('00000000000000000001268645293016', 'XT009995', '系统管理―工作流管理―行为管理');

/* 菜单资源 */
insert into sys_menu_resource (ID, MENU_CODE, MENU_NAME, MENU_PATH, MODULE_ID, MENU_GROUP_ID, IS_OFF)
values ('00000000000000000001257929275990', 'XT005307', '工作流流程挂接', '/workflow/articulatedProcess.do', 'XT', '00000000000000000001256279781915', '0');

insert into sys_menu_resource (ID, MENU_CODE, MENU_NAME, MENU_PATH, MODULE_ID, MENU_GROUP_ID, IS_OFF)
values ('00000000000000000001261363043001', 'XT005310', '工作流授权管理', '/workflow/authorizedManagement.do', 'XT', '00000000000000000001256279781915', '0');

insert into sys_menu_resource (ID, MENU_CODE, MENU_NAME, MENU_PATH, MODULE_ID, MENU_GROUP_ID, IS_OFF)
values ('00000000000000000001257826044008', 'XT005304', '工作流待办任务', '/workflow/toDoTask.do', 'XT', '00000000000000000001256279781915', '0');

insert into sys_menu_resource (ID, MENU_CODE, MENU_NAME, MENU_PATH, MODULE_ID, MENU_GROUP_ID, IS_OFF)
values ('00000000000000000001257826044009', 'XT005305', '工作流已办任务', '/workflow/alreadayDoTask.do', 'XT', '00000000000000000001256279781915', '0');

insert into sys_menu_resource (ID, MENU_CODE, MENU_NAME, MENU_PATH, MODULE_ID, MENU_GROUP_ID, IS_OFF)
values ('00000000000000000001266666666666', 'XT005313', '工作流全局变量设置', '/workflow/globalparam.do', 'XT', '00000000000000000001256279781915', '0');

insert into sys_menu_resource (ID, MENU_CODE, MENU_NAME, MENU_PATH, MODULE_ID, MENU_GROUP_ID, IS_OFF)
values ('00000000000000000001257929275989', 'XT005306', '工作流流程管理', '/workflow/processManagement.do', 'XT', '00000000000000000001256279781915', '0');

insert into sys_menu_resource (ID, MENU_CODE, MENU_NAME, MENU_PATH, MODULE_ID, MENU_GROUP_ID, IS_OFF)
values ('00000000000000000001256279781916', 'XT005301', '工作流参与者规则', '/workflow/participantMain.do', 'XT', '00000000000000000001256279781915', '0');

insert into sys_menu_resource (ID, MENU_CODE, MENU_NAME, MENU_PATH, MODULE_ID, MENU_GROUP_ID, IS_OFF)
values ('00000000000000000001261126159344', 'XT005309', '工作流流程监控', '/workflow/processMonitoring.do', 'XT', '00000000000000000001256279781915', '0');

insert into sys_menu_resource (ID, MENU_CODE, MENU_NAME, MENU_PATH, MODULE_ID, MENU_GROUP_ID, IS_OFF)
values ('00000000000000000001268645293020', 'XT0099921', '工作流行为设置', '/workflow/behaviorManagement.do', 'XT', '00000000000000000001268645293016', '0');

insert into sys_menu_resource (ID, MENU_CODE, MENU_NAME, MENU_PATH, MODULE_ID, MENU_GROUP_ID, IS_OFF)
values ('00000000000000000001268645293021', 'XT0099931', '工作流关联参数设置', '/workflow/behaviorSetparam.do', 'XT', '00000000000000000001268645293016', '0');

insert into sys_menu_resource (ID, MENU_CODE, MENU_NAME, MENU_PATH, MODULE_ID, MENU_GROUP_ID, IS_OFF)
values ('00000000000000000001257152523048', 'XT005302', '工作流动态节点规则', '/workflow/dynamicNode.do', 'XT', '00000000000000000001256279781915', '0');

insert into sys_menu_resource (ID, MENU_CODE, MENU_NAME, MENU_PATH, MODULE_ID, MENU_GROUP_ID, IS_OFF)
values ('00000000000000001001257152523048', 'XT005320', '工作流业务URL设置', '/workflow/businessandurl.do', 'XT', '00000000000000000001256279781915', '0');


/* 系统菜单目录 */
insert into sys_menu_directory (ID, DIR_CODE, DIR_NAME, DIR_LEVEL_NUMBER, DIR_TYPE, RESOURCE_ID, PARENT_ID, ISITEM, DIR_ORDER, STATUS, FLAG, MENU_GROUP_ID, LOCALE, REALID)
values ('0217', 'XT00530', '工作流管理', 2, '1', '', '02', '0', 5301, '1', '1', '', 'zh_CN', '0217-zh_CN');

insert into sys_menu_directory (ID, DIR_CODE, DIR_NAME, DIR_LEVEL_NUMBER, DIR_TYPE, RESOURCE_ID, PARENT_ID, ISITEM, DIR_ORDER, STATUS, FLAG, MENU_GROUP_ID, LOCALE, REALID)
values ('0217', 'XT00530', 'Workflow Management', 2, '1', '', '02', '0', 5301, '1', '1', '', 'en_US', '0217-en_US');

insert into sys_menu_directory (ID, DIR_CODE, DIR_NAME, DIR_LEVEL_NUMBER, DIR_TYPE, RESOURCE_ID, PARENT_ID, ISITEM, DIR_ORDER, STATUS, FLAG, MENU_GROUP_ID, LOCALE, REALID)
values ('021701', 'XT005301', '参与者规则', 3, '1', '00000000000000000001256279781916', '0217', '1', 5301, '1', '1', '00000000000000000001256279781915', 'zh_CN', '021701-zh_CN');

insert into sys_menu_directory (ID, DIR_CODE, DIR_NAME, DIR_LEVEL_NUMBER, DIR_TYPE, RESOURCE_ID, PARENT_ID, ISITEM, DIR_ORDER, STATUS, FLAG, MENU_GROUP_ID, LOCALE, REALID)
values ('021701', 'XT005301', 'Participant Rules', 3, '1', '00000000000000000001256279781916', '0217', '1', 5301, '1', '1', '00000000000000000001256279781915', 'en_US', '021701-en_US');

insert into sys_menu_directory (ID, DIR_CODE, DIR_NAME, DIR_LEVEL_NUMBER, DIR_TYPE, RESOURCE_ID, PARENT_ID, ISITEM, DIR_ORDER, STATUS, FLAG, MENU_GROUP_ID, LOCALE, REALID)
values ('021702', 'XT005302', '动态节点规则', 3, '1', '00000000000000000001257152523048', '0217', '1', 5302, '1', '0', '00000000000000000001256279781915', 'zh_CN', '021702-zh_CN');

insert into sys_menu_directory (ID, DIR_CODE, DIR_NAME, DIR_LEVEL_NUMBER, DIR_TYPE, RESOURCE_ID, PARENT_ID, ISITEM, DIR_ORDER, STATUS, FLAG, MENU_GROUP_ID, LOCALE, REALID)
values ('021702', 'XT005302', 'Dynamic Node Rules', 3, '1', '00000000000000000001257152523048', '0217', '1', 5302, '1', '0', '00000000000000000001256279781915', 'en_US', '021702-en_US');

insert into sys_menu_directory (ID, DIR_CODE, DIR_NAME, DIR_LEVEL_NUMBER, DIR_TYPE, RESOURCE_ID, PARENT_ID, ISITEM, DIR_ORDER, STATUS, FLAG, MENU_GROUP_ID, LOCALE, REALID)
values ('021706', 'XT005306', '流程管理', 3, '1', '00000000000000000001257929275989', '0217', '1', 5306, '1', '1', '00000000000000000001256279781915', 'zh_CN', '021706-zh_CN');

insert into sys_menu_directory (ID, DIR_CODE, DIR_NAME, DIR_LEVEL_NUMBER, DIR_TYPE, RESOURCE_ID, PARENT_ID, ISITEM, DIR_ORDER, STATUS, FLAG, MENU_GROUP_ID, LOCALE, REALID)
values ('021706', 'XT005306', 'Process Management', 3, '1', '00000000000000000001257929275989', '0217', '1', 5306, '1', '1', '00000000000000000001256279781915', 'en_US', '021706-en_US');

insert into sys_menu_directory (ID, DIR_CODE, DIR_NAME, DIR_LEVEL_NUMBER, DIR_TYPE, RESOURCE_ID, PARENT_ID, ISITEM, DIR_ORDER, STATUS, FLAG, MENU_GROUP_ID, LOCALE, REALID)
values ('021707', 'XT005307', '流程挂接', 3, '1', '00000000000000000001257929275990', '0217', '1', 5307, '1', '1', '00000000000000000001256279781915', 'zh_CN', '021707-zh_CN');

insert into sys_menu_directory (ID, DIR_CODE, DIR_NAME, DIR_LEVEL_NUMBER, DIR_TYPE, RESOURCE_ID, PARENT_ID, ISITEM, DIR_ORDER, STATUS, FLAG, MENU_GROUP_ID, LOCALE, REALID)
values ('021707', 'XT005307', 'Articulated Process', 3, '1', '00000000000000000001257929275990', '0217', '1', 5307, '1', '1', '00000000000000000001256279781915', 'en_US', '021707-en_US');

insert into sys_menu_directory (ID, DIR_CODE, DIR_NAME, DIR_LEVEL_NUMBER, DIR_TYPE, RESOURCE_ID, PARENT_ID, ISITEM, DIR_ORDER, STATUS, FLAG, MENU_GROUP_ID, LOCALE, REALID)
values ('021709', 'XT005309', '流程监控', 3, '1', '00000000000000000001261126159344', '0217', '1', 5308, '1', '1', '00000000000000000001256279781915', 'zh_CN', '021709-zh_CN');

insert into sys_menu_directory (ID, DIR_CODE, DIR_NAME, DIR_LEVEL_NUMBER, DIR_TYPE, RESOURCE_ID, PARENT_ID, ISITEM, DIR_ORDER, STATUS, FLAG, MENU_GROUP_ID, LOCALE, REALID)
values ('021709', 'XT005309', 'Process Monitoring', 3, '1', '00000000000000000001261126159344', '0217', '1', 5308, '1', '1', '00000000000000000001256279781915', 'en_US', '021709-en_US');

insert into sys_menu_directory (ID, DIR_CODE, DIR_NAME, DIR_LEVEL_NUMBER, DIR_TYPE, RESOURCE_ID, PARENT_ID, ISITEM, DIR_ORDER, STATUS, FLAG, MENU_GROUP_ID, LOCALE, REALID)
values ('021713', 'XT005313', '全局变量设置', 3, '1', '00000000000000000001266666666666', '0217', '1', 5313, '1', '1', '00000000000000000001256279781915', 'zh_CN', '021713-zh_CN');

insert into sys_menu_directory (ID, DIR_CODE, DIR_NAME, DIR_LEVEL_NUMBER, DIR_TYPE, RESOURCE_ID, PARENT_ID, ISITEM, DIR_ORDER, STATUS, FLAG, MENU_GROUP_ID, LOCALE, REALID)
values ('021713', 'XT005313', 'Global Variable', 3, '1', '00000000000000000001266666666666', '0217', '1', 5313, '1', '1', '00000000000000000001256279781915', 'en_US', '021713-en_US');

insert into sys_menu_directory (ID, DIR_CODE, DIR_NAME, DIR_LEVEL_NUMBER, DIR_TYPE, RESOURCE_ID, PARENT_ID, ISITEM, DIR_ORDER, STATUS, FLAG, MENU_GROUP_ID, LOCALE, REALID)
values ('021715', 'XT009994', '行为管理', 3, '1', '', '0217', '0', 9994, '1', '0', '00000000000000000001256279781915', 'zh_CN', '021715-zh_CN');

insert into sys_menu_directory (ID, DIR_CODE, DIR_NAME, DIR_LEVEL_NUMBER, DIR_TYPE, RESOURCE_ID, PARENT_ID, ISITEM, DIR_ORDER, STATUS, FLAG, MENU_GROUP_ID, LOCALE, REALID)
values ('021715', 'XT009994', 'Behavior Management', 3, '1', '', '0217', '0', 9994, '1', '0', '00000000000000000001256279781915', 'en_US', '021715-en_US');

insert into sys_menu_directory (ID, DIR_CODE, DIR_NAME, DIR_LEVEL_NUMBER, DIR_TYPE, RESOURCE_ID, PARENT_ID, ISITEM, DIR_ORDER, STATUS, FLAG, MENU_GROUP_ID, LOCALE, REALID)
values ('02171501', 'XT009921', '行为设置', 4, '1', '00000000000000000001268645293020', '021715', '1', 10, '1', '1', '00000000000000000001268645293016', 'zh_CN', '02171501-zh_CN');

insert into sys_menu_directory (ID, DIR_CODE, DIR_NAME, DIR_LEVEL_NUMBER, DIR_TYPE, RESOURCE_ID, PARENT_ID, ISITEM, DIR_ORDER, STATUS, FLAG, MENU_GROUP_ID, LOCALE, REALID)
values ('02171501', 'XT009921', 'Behavior Set', 4, '1', '00000000000000000001268645293020', '021715', '1', 10, '1', '1', '00000000000000000001268645293016', 'en_US', '02171501-en_US');

insert into sys_menu_directory (ID, DIR_CODE, DIR_NAME, DIR_LEVEL_NUMBER, DIR_TYPE, RESOURCE_ID, PARENT_ID, ISITEM, DIR_ORDER, STATUS, FLAG, MENU_GROUP_ID, LOCALE, REALID)
values ('02171502', 'XT0099931', '关联参数设置', 4, '1', '00000000000000000001268645293021', '021715', '1', 20, '1', '1', '00000000000000000001268645293016', 'zh_CN', '02171502-zh_CN');

insert into sys_menu_directory (ID, DIR_CODE, DIR_NAME, DIR_LEVEL_NUMBER, DIR_TYPE, RESOURCE_ID, PARENT_ID, ISITEM, DIR_ORDER, STATUS, FLAG, MENU_GROUP_ID, LOCALE, REALID)
values ('02171502', 'XT0099931', 'Parameter Set', 4, '1', '00000000000000000001268645293021', '021715', '1', 20, '1', '1', '00000000000000000001268645293016', 'en_US', '02171502-en_US');

insert into sys_menu_directory (ID, DIR_CODE, DIR_NAME, DIR_LEVEL_NUMBER, DIR_TYPE, RESOURCE_ID, PARENT_ID, ISITEM, DIR_ORDER, STATUS, FLAG, MENU_GROUP_ID, LOCALE, REALID)
values ('021722', 'XT005320', '业务类型', 3, '1', '00000000000000001001257152523048', '0217', '1', 5320, '1', '1', '00000000000000000001256279781915', 'zh_CN', '021722-zh_CN');

insert into sys_menu_directory (ID, DIR_CODE, DIR_NAME, DIR_LEVEL_NUMBER, DIR_TYPE, RESOURCE_ID, PARENT_ID, ISITEM, DIR_ORDER, STATUS, FLAG, MENU_GROUP_ID, LOCALE, REALID)
values ('021722', 'XT005320', 'Business URL set', 3, '1', '00000000000000001001257152523048', '0217', '1', 5320, '1', '1', '00000000000000000001256279781915', 'en_US', '021722-en_US');


commit;