
drop table SYS_WORKFLOW_TABLE cascade constraints;

/* 菜单类别 */
insert into sys_menu_group (ID, CODE, NAME)
values ('00000000000000000001268709347110', 'XT0099951', '系统管理―工作流管理―单据');

/* 菜单目录 */
insert into sys_menu_directory (ID, DIR_CODE, DIR_NAME, DIR_LEVEL_NUMBER, DIR_TYPE, RESOURCE_ID, PARENT_ID, ISITEM, DIR_ORDER, STATUS, FLAG, MENU_GROUP_ID, LOCALE, REALID)
values ('0902', 'XT10001', '业务场景', 2, '0', '', '09', '0', 5302, '1', '1', '00000000000000000001268709347110', 'zh_CN', '0902-zh_CN');

insert into sys_menu_directory (ID, DIR_CODE, DIR_NAME, DIR_LEVEL_NUMBER, DIR_TYPE, RESOURCE_ID, PARENT_ID, ISITEM, DIR_ORDER, STATUS, FLAG, MENU_GROUP_ID, LOCALE, REALID)
values ('0902', 'XT10001', 'Business Demo', 2, '0', '', '09', '0', 5302, '1', '1', '00000000000000000001268709347110', 'en_US', '0902-en_US');

insert into sys_menu_directory (ID, DIR_CODE, DIR_NAME, DIR_LEVEL_NUMBER, DIR_TYPE, RESOURCE_ID, PARENT_ID, ISITEM, DIR_ORDER, STATUS, FLAG, MENU_GROUP_ID, LOCALE, REALID)
values ('090201', 'XT10002', '报销单据', 3, '0', '00000000000000000001268709347112', '0902', '1', 5303, '1', '0', '00000000000000000001268709347110', 'zh_CN', '090201-zh_CN');

insert into sys_menu_directory (ID, DIR_CODE, DIR_NAME, DIR_LEVEL_NUMBER, DIR_TYPE, RESOURCE_ID, PARENT_ID, ISITEM, DIR_ORDER, STATUS, FLAG, MENU_GROUP_ID, LOCALE, REALID)
values ('090201', 'XT10002', 'Reimbursement Documentation', 3, '0', '00000000000000000001268709347112', '0902', '1', 5303, '1', '0', '00000000000000000001268709347110', 'en_US', '090201-en_US');

insert into sys_menu_directory (ID, DIR_CODE, DIR_NAME, DIR_LEVEL_NUMBER, DIR_TYPE, RESOURCE_ID, PARENT_ID, ISITEM, DIR_ORDER, STATUS, FLAG, MENU_GROUP_ID, LOCALE, REALID)
values ('090202', 'XT10003', '采购单据', 3, '0', '00000000000000000001268709347113', '0902', '1', 5303, '1', '1', '00000000000000000001268709347110', 'zh_CN', '090202-zh_CN');

insert into sys_menu_directory (ID, DIR_CODE, DIR_NAME, DIR_LEVEL_NUMBER, DIR_TYPE, RESOURCE_ID, PARENT_ID, ISITEM, DIR_ORDER, STATUS, FLAG, MENU_GROUP_ID, LOCALE, REALID)
values ('090202', 'XT10003', 'Procurement Documents', 3, '0', '00000000000000000001268709347113', '0902', '1', 5303, '1', '1', '00000000000000000001268709347110', 'en_US', '090202-en_US');

insert into sys_menu_directory (ID, DIR_CODE, DIR_NAME, DIR_LEVEL_NUMBER, DIR_TYPE, RESOURCE_ID, PARENT_ID, ISITEM, DIR_ORDER, STATUS, FLAG, MENU_GROUP_ID, LOCALE, REALID)
values ('090203', 'XT10004', '请假单据', 3, '0', '00000000000000000001268709347111', '0902', '1', 5304, '1', '0', '00000000000000000001268709347110', 'zh_CN', '090203-zh_CN');

insert into sys_menu_directory (ID, DIR_CODE, DIR_NAME, DIR_LEVEL_NUMBER, DIR_TYPE, RESOURCE_ID, PARENT_ID, ISITEM, DIR_ORDER, STATUS, FLAG, MENU_GROUP_ID, LOCALE, REALID)
values ('090203', 'XT10004', 'Leave Documents', 3, '0', '00000000000000000001268709347111', '0902', '1', 5304, '1', '0', '00000000000000000001268709347110', 'en_US', '090203-en_US');

/* 菜单资源 */
insert into sys_menu_resource (ID, MENU_CODE, MENU_NAME, MENU_PATH, MODULE_ID, MENU_GROUP_ID, IS_OFF)
values ('00000000000000000001268709347113', 'XT005318', '工作流采购单据', '/workflow/mainbuynote.do', 'XT', '00000000000000000001268709347110', '0');

insert into sys_menu_resource (ID, MENU_CODE, MENU_NAME, MENU_PATH, MODULE_ID, MENU_GROUP_ID, IS_OFF)
values ('00000000000000000001268709347112', 'XT005317', '工作流报销单据', '/workflow/mainexpens.do', 'XT', '00000000000000000001268709347110', '0');

insert into sys_menu_resource (ID, MENU_CODE, MENU_NAME, MENU_PATH, MODULE_ID, MENU_GROUP_ID, IS_OFF)
values ('00000000000000000001268709347111', 'XT005316', '工作流请假单据', '/workflow/mainleave.do', 'XT', '00000000000000000001268709347110', '0');


/* demo数据库表：SYS_EMPLOYEE、SYS_WORKFLOW_TABLE */
create table SYS_WORKFLOW_TABLE
(
  ID                   VARCHAR(32) not null  comment '唯一标识',
  FLAG                 VARCHAR(1) not null   comment '启停标识',
  STATUS               VARCHAR(1) not null   comment '是否删除',
  MODTIME              datetime not null     comment '操作时间',
  MODIFIERID           VARCHAR(32)           comment '提交人ID',
  COMMITERID           VARCHAR(32) not null  comment '创建人ID',
  EXPENSEACCOUNTNUMBER VARCHAR(32) not null  comment '单据编号 ',
  EXPENSEACCOUNTDATE   VARCHAR(20) not null  comment '申请日期',
  EXPENSEACCOUNTAMOUNT INTEGER               comment '单据金额',
  DEPARTMENT           VARCHAR(50)           comment '员工所属单位',
  INPUTPERSON          VARCHAR(50) not null  comment '录入人',
  REIMBURSEMENTREASON  VARCHAR(100) not null comment '事由',
  EXPENSEACCOUNTSTATUE VARCHAR(1) not null   comment '单据状态 0,未提交:1,审批中:2,审批结束:3,异常终止:4,退回',
  ASSIGNEE             VARCHAR(50)           comment '负责人',
  CREATETIME           VARCHAR(20)           comment '提交时间',
  BUSINESSTYPEID       VARCHAR(32) not null  comment '业务类型ID',
  PROCESSNAMEID        VARCHAR(32) not null  comment '流程名称ID',
  PROCESSINSTANCESID   VARCHAR(32)           comment '流程实例ID',
  PROCESSID            VARCHAR(32) not null  comment '流程ID',
  ANAME1               VARCHAR(50)           comment '扩展属性名1',
  AVALUE1              VARCHAR(50)           comment '扩展属性值1',
  ANAME2               VARCHAR(50)           comment '扩展属性名2',
  AVALUE2              VARCHAR(50)           comment '扩展属性值2',
  AVALUE3              VARCHAR(50)           comment '扩展属性值3',
  AVALUE4              VARCHAR(50)           comment '扩展属性值4',
  ANAME3               VARCHAR(50)           comment '扩展属性名3',
  ANAME4               VARCHAR(50)           comment '扩展属性名4',
  MODEL                VARCHAR(50)           comment '型号',
  AMOUNT               VARCHAR(50)           comment '数量',
  MODIFYNUMBER         INTEGER               comment '修改次数',
  MODIFYDEPARTMENT     VARCHAR(50)           comment '提交人部门'
)
;
alter table SYS_WORKFLOW_TABLE comment '业务表---DEMO';

/* 业务类型表 jbpm4_business */
insert into jbpm4_business (ID, NAME, CODE, BUSI_DESC, OPERANT, QUERY, BUSINESS_CLASS_NAME)
values ('00000000000000000001280737111848', '采购测试', '101', '采购测试', '', '/workflow/queryDetailbuynote.do', '');

insert into jbpm4_business (ID, NAME, CODE, BUSI_DESC, OPERANT, QUERY, BUSINESS_CLASS_NAME)
values ('00000000000000000001280796338783', '请假测试', '202', '请假测试', '', '/workflow/queryDetailleave.do', '');

insert into jbpm4_business (ID, NAME, CODE, BUSI_DESC, OPERANT, QUERY, BUSINESS_CLASS_NAME)
values ('00000000000000000001280796338784', '报销测试', '303', '报销测试', '', '/workflow/queryDetailexpens.do', '');


/* 参与者规则 JBPM4_EXT_RULE,JBPM4_EXT_RULE_DETAIL */
insert into JBPM4_EXT_RULE (ID, CODE, NAME, FLAG, STATUS, AGENCY_ID, DEPARTMENT_ID, CLASS_NAME)
values ('8a98c13b34a6924a0134a69352580001', '0001', '部门经理', '1', '1', null, null, null);
insert into JBPM4_EXT_RULE (ID, CODE, NAME, FLAG, STATUS, AGENCY_ID, DEPARTMENT_ID, CLASS_NAME)
values ('8a98c13b34a6924a0134a69ba0980003', '0002', '主管副总', '1', '1', null, null, null);
insert into JBPM4_EXT_RULE (ID, CODE, NAME, FLAG, STATUS, AGENCY_ID, DEPARTMENT_ID, CLASS_NAME)
values ('8a98c13b34a6924a0134a69cc0f30005', '0003', '监管副总', '1', '1', null, null, null);
insert into JBPM4_EXT_RULE (ID, CODE, NAME, FLAG, STATUS, AGENCY_ID, DEPARTMENT_ID, CLASS_NAME)
values ('8a98c13b34a6924a0134a69d86820007', '0004', '财务人员', '1', '1', null, null, null);
insert into JBPM4_EXT_RULE (ID, CODE, NAME, FLAG, STATUS, AGENCY_ID, DEPARTMENT_ID, CLASS_NAME)
values ('8a98c13b34a6924a0134a69dd9c60009', '0005', '财务总监', '1', '1', null, null, null);
insert into JBPM4_EXT_RULE (ID, CODE, NAME, FLAG, STATUS, AGENCY_ID, DEPARTMENT_ID, CLASS_NAME)
values ('8a98c13b34a6924a0134a69e2c15000b', '0006', '总经理', '1', '1', null, null, null);
insert into JBPM4_EXT_RULE (ID, CODE, NAME, FLAG, STATUS, AGENCY_ID, DEPARTMENT_ID, CLASS_NAME)
values ('8a98c13b357eff5601357f0549080011', '0007', '客户经理', '1', '1', null, null, null);
insert into JBPM4_EXT_RULE (ID, CODE, NAME, FLAG, STATUS, AGENCY_ID, DEPARTMENT_ID, CLASS_NAME)
values ('8a98c13b35c28c560135c2c447c40010', '0008', '流程启动者', '1', '1', null, null, 'com.toft.widgets.workflow.participantrule.impl.MyParticipantRuleImpl');

insert into JBPM4_EXT_RULE_DETAIL (ID, PARTICIPANT_TYPE, PARTICIPANT_ID, RULE_ID, IS_DYNAMIC, DYNAMIC_TYPE)
values ('8a98c13b34a6924a0134a69b18800002', '2', '1318470302167', '8a98c13b34a6924a0134a69352580001', '1', 'AGENCY');
insert into JBPM4_EXT_RULE_DETAIL (ID, PARTICIPANT_TYPE, PARTICIPANT_ID, RULE_ID, IS_DYNAMIC, DYNAMIC_TYPE)
values ('8a98c13b34a6924a0134a69c18d60004', '2', '1318470302168', '8a98c13b34a6924a0134a69ba0980003', '1', 'AGENCY');
insert into JBPM4_EXT_RULE_DETAIL (ID, PARTICIPANT_TYPE, PARTICIPANT_ID, RULE_ID, IS_DYNAMIC, DYNAMIC_TYPE)
values ('8a98c13b34a6924a0134a69d22e40006', '2', '1318470302169', '8a98c13b34a6924a0134a69cc0f30005', '1', 'AGENCY');
insert into JBPM4_EXT_RULE_DETAIL (ID, PARTICIPANT_TYPE, PARTICIPANT_ID, RULE_ID, IS_DYNAMIC, DYNAMIC_TYPE)
values ('8a98c13b34a6924a0134a69daae90008', '2', '1318470302170', '8a98c13b34a6924a0134a69d86820007', '1', 'AGENCY');
insert into JBPM4_EXT_RULE_DETAIL (ID, PARTICIPANT_TYPE, PARTICIPANT_ID, RULE_ID, IS_DYNAMIC, DYNAMIC_TYPE)
values ('8a98c13b34a6924a0134a69dfc0b000a', '2', '1318470302171', '8a98c13b34a6924a0134a69dd9c60009', '1', 'AGENCY');
insert into JBPM4_EXT_RULE_DETAIL (ID, PARTICIPANT_TYPE, PARTICIPANT_ID, RULE_ID, IS_DYNAMIC, DYNAMIC_TYPE)
values ('8a98c13b34a6924a0134a69f0faa000c', '2', '1318470302172', '8a98c13b34a6924a0134a69e2c15000b', '1', 'AGENCY');
insert into JBPM4_EXT_RULE_DETAIL (ID, PARTICIPANT_TYPE, PARTICIPANT_ID, RULE_ID, IS_DYNAMIC, DYNAMIC_TYPE)
values ('8a98c13b357eff5601357f0574c00012', '2', '1329275557501', '8a98c13b357eff5601357f0549080011', '1', 'AGENCY');
insert into JBPM4_EXT_RULE_DETAIL (ID, PARTICIPANT_TYPE, PARTICIPANT_ID, RULE_ID, IS_DYNAMIC, DYNAMIC_TYPE)
values ('8a98c13b35c28c560135c2c467f50011', '0', '006', '8a98c13b35c28c560135c2c447c40010', '9', '9');

/* 单位 */
insert into SYS_AGENCY (ID, NAME, CODE, PARENTAGENCYID, AGENCYTYPE, FLAG, STATUS, MODIFIERID, MODTIME, DESCRIPTION, COMMITERID, ID_SYS_CURRENCY, MEMO, ISINCORPORATE, ERPORGID, MULTIORGTYPE, ORGADDRESS, ORGENNAM, ORGSIMPLENAME, ORGALIASNAME, ORGLEVELCODE, ORGLEVEL, ISITEM, ORGPROPERTY, ISCADRE, ORGEXATTRIBUTE1ID, ORGEXATTRIBUTE2ID, ORGEXATTRIBUTE3ID, ORGEXATTRIBUTE4ID, CLIENTCODE)
values ('1318470302163', '软通动力', '1000', null, null, '1', '1', '0002', str_to_date('12-03-2010 11:22:51', '%d-%m-%Y %H:%i:%s'), null, '0001', null, null, 0, null, '8aac9d402074bb2c012074c9a4a30012', null, null, null, null, '00001', 1, 0, null, null, null, null, null, null, null);
insert into SYS_AGENCY (ID, NAME, CODE, PARENTAGENCYID, AGENCYTYPE, FLAG, STATUS, MODIFIERID, MODTIME, DESCRIPTION, COMMITERID, ID_SYS_CURRENCY, MEMO, ISINCORPORATE, ERPORGID, MULTIORGTYPE, ORGADDRESS, ORGENNAM, ORGSIMPLENAME, ORGALIASNAME, ORGLEVELCODE, ORGLEVEL, ISITEM, ORGPROPERTY, ISCADRE, ORGEXATTRIBUTE1ID, ORGEXATTRIBUTE2ID, ORGEXATTRIBUTE3ID, ORGEXATTRIBUTE4ID, CLIENTCODE)
values ('1318470302164', '天津软通动力', '10001001', '00001', null, '1', '1', '0002', str_to_date('12-03-2010 11:22:51', '%d-%m-%Y %H:%i:%s'), null, '0001', null, null, 0, null, '8aac9d402074bb2c012074c9a4a30012', null, null, null, null, '0000100001', 2, null, null, null, null, null, null, null, null);
insert into SYS_AGENCY (ID, NAME, CODE, PARENTAGENCYID, AGENCYTYPE, FLAG, STATUS, MODIFIERID, MODTIME, DESCRIPTION, COMMITERID, ID_SYS_CURRENCY, MEMO, ISINCORPORATE, ERPORGID, MULTIORGTYPE, ORGADDRESS, ORGENNAM, ORGSIMPLENAME, ORGALIASNAME, ORGLEVELCODE, ORGLEVEL, ISITEM, ORGPROPERTY, ISCADRE, ORGEXATTRIBUTE1ID, ORGEXATTRIBUTE2ID, ORGEXATTRIBUTE3ID, ORGEXATTRIBUTE4ID, CLIENTCODE)
values ('1318470302165', '北京软通动力', '10001002', '00001', null, '1', '1', '0002', str_to_date('12-03-2010 11:22:51', '%d-%m-%Y %H:%i:%s'), null, '0001', null, null, 0, null, '8aac9d402074bb2c012074c9a4a30012', null, null, null, null, '0000100002', 2, null, null, null, null, null, null, null, null);
insert into SYS_AGENCY (ID, NAME, CODE, PARENTAGENCYID, AGENCYTYPE, FLAG, STATUS, MODIFIERID, MODTIME, DESCRIPTION, COMMITERID, ID_SYS_CURRENCY, MEMO, ISINCORPORATE, ERPORGID, MULTIORGTYPE, ORGADDRESS, ORGENNAM, ORGSIMPLENAME, ORGALIASNAME, ORGLEVELCODE, ORGLEVEL, ISITEM, ORGPROPERTY, ISCADRE, ORGEXATTRIBUTE1ID, ORGEXATTRIBUTE2ID, ORGEXATTRIBUTE3ID, ORGEXATTRIBUTE4ID, CLIENTCODE)
values ('1318470302166', '上海软通动力', '10001003', '00001', null, '1', '1', '0002', str_to_date('12-03-2010 11:22:51', '%d-%m-%Y %H:%i:%s'), null, '0001', null, null, 0, null, '8aac9d402074bb2c012074c9a4a30012', null, null, null, null, '0000100003', 2, null, null, null, null, null, null, null, null);

/* 职责 */
insert into SYS_DUTY (ID, NAME, FLAG, STATUS, MODIFIERID, MODTIME, DESCRIPTION, COMMITERID, CODE)
values ('1318470302166', '普通员工', '1', '1', '0001', str_to_date('12-03-2010 11:22:51', '%d-%m-%Y %H:%i:%s'), null, '0001', '0001');
insert into SYS_DUTY (ID, NAME, FLAG, STATUS, MODIFIERID, MODTIME, DESCRIPTION, COMMITERID, CODE)
values ('1318470302167', '部门经理', '1', '1', '0001', str_to_date('12-03-2010 11:22:51', '%d-%m-%Y %H:%i:%s'), null, '0001', '0002');
insert into SYS_DUTY (ID, NAME, FLAG, STATUS, MODIFIERID, MODTIME, DESCRIPTION, COMMITERID, CODE)
values ('1318470302168', '主管副总', '1', '1', '0001', str_to_date('12-03-2010 11:22:51', '%d-%m-%Y %H:%i:%s'), null, '0001', '0003');
insert into SYS_DUTY (ID, NAME, FLAG, STATUS, MODIFIERID, MODTIME, DESCRIPTION, COMMITERID, CODE)
values ('1318470302169', '监管副总', '1', '1', '0001', str_to_date('12-03-2010 11:22:51', '%d-%m-%Y %H:%i:%s'), null, '0001', '0004');
insert into SYS_DUTY (ID, NAME, FLAG, STATUS, MODIFIERID, MODTIME, DESCRIPTION, COMMITERID, CODE)
values ('1318470302170', '财务人员', '1', '1', '0001', str_to_date('12-03-2010 11:22:51', '%d-%m-%Y %H:%i:%s'), null, '0001', '0005');
insert into SYS_DUTY (ID, NAME, FLAG, STATUS, MODIFIERID, MODTIME, DESCRIPTION, COMMITERID, CODE)
values ('1318470302171', '财务总监', '1', '1', '0001', str_to_date('12-03-2010 11:22:51', '%d-%m-%Y %H:%i:%s'), null, '0001', '0006');
insert into SYS_DUTY (ID, NAME, FLAG, STATUS, MODIFIERID, MODTIME, DESCRIPTION, COMMITERID, CODE)
values ('1318470302172', '总经理', '1', '1', '0001', str_to_date('12-03-2010 11:22:51', '%d-%m-%Y %H:%i:%s'), null, '0001', '0007');

/* 职责分配结点 */
insert into SYS_R_DUTY_MENU (DUTY_ID, MENU_ID)
values ('1318470302168', '0901');
insert into SYS_R_DUTY_MENU (DUTY_ID, MENU_ID)
values ('1318470302168', '090101');
insert into SYS_R_DUTY_MENU (DUTY_ID, MENU_ID)
values ('1318470302168', '090102');
insert into SYS_R_DUTY_MENU (DUTY_ID, MENU_ID)
values ('1318470302168', '090103');
insert into SYS_R_DUTY_MENU (DUTY_ID, MENU_ID)
values ('1318470302168', '090104');
insert into SYS_R_DUTY_MENU (DUTY_ID, MENU_ID)
values ('1318470302168', '090105');
insert into SYS_R_DUTY_MENU (DUTY_ID, MENU_ID)
values ('1318470302168', '090106');
insert into SYS_R_DUTY_MENU (DUTY_ID, MENU_ID)
values ('1318470302168', '090107');
insert into SYS_R_DUTY_MENU (DUTY_ID, MENU_ID)
values ('1318470302168', '090108');
insert into SYS_R_DUTY_MENU (DUTY_ID, MENU_ID)
values ('1318470302168', '0902');
insert into SYS_R_DUTY_MENU (DUTY_ID, MENU_ID)
values ('1318470302168', '090201');
insert into SYS_R_DUTY_MENU (DUTY_ID, MENU_ID)
values ('1318470302168', '090202');
insert into SYS_R_DUTY_MENU (DUTY_ID, MENU_ID)
values ('1318470302167', '09');
insert into SYS_R_DUTY_MENU (DUTY_ID, MENU_ID)
values ('1318470302167', '0901');
insert into SYS_R_DUTY_MENU (DUTY_ID, MENU_ID)
values ('1318470302167', '090101');
insert into SYS_R_DUTY_MENU (DUTY_ID, MENU_ID)
values ('1318470302167', '090102');
insert into SYS_R_DUTY_MENU (DUTY_ID, MENU_ID)
values ('1318470302167', '090103');
insert into SYS_R_DUTY_MENU (DUTY_ID, MENU_ID)
values ('1318470302167', '090104');
insert into SYS_R_DUTY_MENU (DUTY_ID, MENU_ID)
values ('1318470302167', '090105');
insert into SYS_R_DUTY_MENU (DUTY_ID, MENU_ID)
values ('1318470302167', '090106');
insert into SYS_R_DUTY_MENU (DUTY_ID, MENU_ID)
values ('1318470302167', '090107');
insert into SYS_R_DUTY_MENU (DUTY_ID, MENU_ID)
values ('1318470302167', '090108');
insert into SYS_R_DUTY_MENU (DUTY_ID, MENU_ID)
values ('1318470302167', '0902');
insert into SYS_R_DUTY_MENU (DUTY_ID, MENU_ID)
values ('1318470302167', '090201');
insert into SYS_R_DUTY_MENU (DUTY_ID, MENU_ID)
values ('1318470302167', '090202');
insert into SYS_R_DUTY_MENU (DUTY_ID, MENU_ID)
values ('1318470302167', '090203');
insert into SYS_R_DUTY_MENU (DUTY_ID, MENU_ID)
values ('1318470302166', '09');
insert into SYS_R_DUTY_MENU (DUTY_ID, MENU_ID)
values ('1318470302166', '0901');
insert into SYS_R_DUTY_MENU (DUTY_ID, MENU_ID)
values ('1318470302166', '090101');
insert into SYS_R_DUTY_MENU (DUTY_ID, MENU_ID)
values ('1318470302166', '090102');
insert into SYS_R_DUTY_MENU (DUTY_ID, MENU_ID)
values ('1318470302166', '090103');
insert into SYS_R_DUTY_MENU (DUTY_ID, MENU_ID)
values ('1318470302166', '090104');
insert into SYS_R_DUTY_MENU (DUTY_ID, MENU_ID)
values ('1318470302166', '090105');
insert into SYS_R_DUTY_MENU (DUTY_ID, MENU_ID)
values ('1318470302166', '090106');
insert into SYS_R_DUTY_MENU (DUTY_ID, MENU_ID)
values ('1318470302166', '090107');
insert into SYS_R_DUTY_MENU (DUTY_ID, MENU_ID)
values ('1318470302166', '090108');
insert into SYS_R_DUTY_MENU (DUTY_ID, MENU_ID)
values ('1318470302166', '0902');
insert into SYS_R_DUTY_MENU (DUTY_ID, MENU_ID)
values ('1318470302166', '090201');
insert into SYS_R_DUTY_MENU (DUTY_ID, MENU_ID)
values ('1318470302166', '090202');
insert into SYS_R_DUTY_MENU (DUTY_ID, MENU_ID)
values ('1318470302166', '090203');
insert into SYS_R_DUTY_MENU (DUTY_ID, MENU_ID)
values ('1318470302168', '09');
insert into SYS_R_DUTY_MENU (DUTY_ID, MENU_ID)
values ('1318470302168', '090203');
insert into SYS_R_DUTY_MENU (DUTY_ID, MENU_ID)
values ('1318470302169', '09');
insert into SYS_R_DUTY_MENU (DUTY_ID, MENU_ID)
values ('1318470302169', '0901');
insert into SYS_R_DUTY_MENU (DUTY_ID, MENU_ID)
values ('1318470302169', '090101');
insert into SYS_R_DUTY_MENU (DUTY_ID, MENU_ID)
values ('1318470302169', '090102');
insert into SYS_R_DUTY_MENU (DUTY_ID, MENU_ID)
values ('1318470302169', '090103');
insert into SYS_R_DUTY_MENU (DUTY_ID, MENU_ID)
values ('1318470302169', '090104');
insert into SYS_R_DUTY_MENU (DUTY_ID, MENU_ID)
values ('1318470302169', '090105');
insert into SYS_R_DUTY_MENU (DUTY_ID, MENU_ID)
values ('1318470302169', '090106');
insert into SYS_R_DUTY_MENU (DUTY_ID, MENU_ID)
values ('1318470302169', '090107');
insert into SYS_R_DUTY_MENU (DUTY_ID, MENU_ID)
values ('1318470302169', '090108');
insert into SYS_R_DUTY_MENU (DUTY_ID, MENU_ID)
values ('1318470302169', '0902');
insert into SYS_R_DUTY_MENU (DUTY_ID, MENU_ID)
values ('1318470302169', '090201');
insert into SYS_R_DUTY_MENU (DUTY_ID, MENU_ID)
values ('1318470302169', '090202');
insert into SYS_R_DUTY_MENU (DUTY_ID, MENU_ID)
values ('1318470302169', '090203');
insert into SYS_R_DUTY_MENU (DUTY_ID, MENU_ID)
values ('1318470302170', '09');
insert into SYS_R_DUTY_MENU (DUTY_ID, MENU_ID)
values ('1318470302170', '0901');
insert into SYS_R_DUTY_MENU (DUTY_ID, MENU_ID)
values ('1318470302170', '090101');
insert into SYS_R_DUTY_MENU (DUTY_ID, MENU_ID)
values ('1318470302170', '090102');
insert into SYS_R_DUTY_MENU (DUTY_ID, MENU_ID)
values ('1318470302170', '090103');
insert into SYS_R_DUTY_MENU (DUTY_ID, MENU_ID)
values ('1318470302170', '090104');
insert into SYS_R_DUTY_MENU (DUTY_ID, MENU_ID)
values ('1318470302170', '090105');
insert into SYS_R_DUTY_MENU (DUTY_ID, MENU_ID)
values ('1318470302170', '090106');
insert into SYS_R_DUTY_MENU (DUTY_ID, MENU_ID)
values ('1318470302170', '090107');
insert into SYS_R_DUTY_MENU (DUTY_ID, MENU_ID)
values ('1318470302170', '090108');
insert into SYS_R_DUTY_MENU (DUTY_ID, MENU_ID)
values ('1318470302170', '0902');
insert into SYS_R_DUTY_MENU (DUTY_ID, MENU_ID)
values ('1318470302170', '090201');
insert into SYS_R_DUTY_MENU (DUTY_ID, MENU_ID)
values ('1318470302170', '090202');
insert into SYS_R_DUTY_MENU (DUTY_ID, MENU_ID)
values ('1318470302170', '090203');
insert into SYS_R_DUTY_MENU (DUTY_ID, MENU_ID)
values ('1318470302171', '09');
insert into SYS_R_DUTY_MENU (DUTY_ID, MENU_ID)
values ('1318470302171', '0901');
insert into SYS_R_DUTY_MENU (DUTY_ID, MENU_ID)
values ('1318470302171', '090101');
insert into SYS_R_DUTY_MENU (DUTY_ID, MENU_ID)
values ('1318470302171', '090102');
insert into SYS_R_DUTY_MENU (DUTY_ID, MENU_ID)
values ('1318470302171', '090103');
insert into SYS_R_DUTY_MENU (DUTY_ID, MENU_ID)
values ('1318470302171', '090104');
insert into SYS_R_DUTY_MENU (DUTY_ID, MENU_ID)
values ('1318470302171', '090105');
insert into SYS_R_DUTY_MENU (DUTY_ID, MENU_ID)
values ('1318470302171', '090106');
insert into SYS_R_DUTY_MENU (DUTY_ID, MENU_ID)
values ('1318470302171', '090107');
insert into SYS_R_DUTY_MENU (DUTY_ID, MENU_ID)
values ('1318470302171', '090108');
insert into SYS_R_DUTY_MENU (DUTY_ID, MENU_ID)
values ('1318470302171', '0902');
insert into SYS_R_DUTY_MENU (DUTY_ID, MENU_ID)
values ('1318470302171', '090201');
insert into SYS_R_DUTY_MENU (DUTY_ID, MENU_ID)
values ('1318470302171', '090202');
insert into SYS_R_DUTY_MENU (DUTY_ID, MENU_ID)
values ('1318470302171', '090203');
insert into SYS_R_DUTY_MENU (DUTY_ID, MENU_ID)
values ('1318470302172', '09');
insert into SYS_R_DUTY_MENU (DUTY_ID, MENU_ID)
values ('1318470302172', '0901');
insert into SYS_R_DUTY_MENU (DUTY_ID, MENU_ID)
values ('1318470302172', '090101');
insert into SYS_R_DUTY_MENU (DUTY_ID, MENU_ID)
values ('1318470302172', '090102');
insert into SYS_R_DUTY_MENU (DUTY_ID, MENU_ID)
values ('1318470302172', '090103');
insert into SYS_R_DUTY_MENU (DUTY_ID, MENU_ID)
values ('1318470302172', '090104');
insert into SYS_R_DUTY_MENU (DUTY_ID, MENU_ID)
values ('1318470302172', '090105');
insert into SYS_R_DUTY_MENU (DUTY_ID, MENU_ID)
values ('1318470302172', '090106');
insert into SYS_R_DUTY_MENU (DUTY_ID, MENU_ID)
values ('1318470302172', '090107');
insert into SYS_R_DUTY_MENU (DUTY_ID, MENU_ID)
values ('1318470302172', '090108');
insert into SYS_R_DUTY_MENU (DUTY_ID, MENU_ID)
values ('1318470302172', '0902');
insert into SYS_R_DUTY_MENU (DUTY_ID, MENU_ID)
values ('1318470302172', '090201');
insert into SYS_R_DUTY_MENU (DUTY_ID, MENU_ID)
values ('1318470302172', '090202');
insert into SYS_R_DUTY_MENU (DUTY_ID, MENU_ID)
values ('1318470302172', '090203');

/* 岗位 */
insert into SYS_R_DUTY_AGENCY (DUTYID, AGENCYID, NAME, ID)
values ('1318470302166', '1318470302163', '软通动力普通员工', '1318470302173');
insert into SYS_R_DUTY_AGENCY (DUTYID, AGENCYID, NAME, ID)
values ('1318470302166', '1318470302164', '天津软通动力普通员工', '1318470302174');
insert into SYS_R_DUTY_AGENCY (DUTYID, AGENCYID, NAME, ID)
values ('1318470302166', '1318470302165', '北京软通动力普通员工', '1318470302175');
insert into SYS_R_DUTY_AGENCY (DUTYID, AGENCYID, NAME, ID)
values ('1318470302166', '1318470302166', '上海软通动力普通员工', '1318470302176');
insert into SYS_R_DUTY_AGENCY (DUTYID, AGENCYID, NAME, ID)
values ('1318470302167', '1318470302163', '软通动力部门经理', '1318470302177');
insert into SYS_R_DUTY_AGENCY (DUTYID, AGENCYID, NAME, ID)
values ('1318470302167', '1318470302164', '天津软通动力部门经理', '1318470302178');
insert into SYS_R_DUTY_AGENCY (DUTYID, AGENCYID, NAME, ID)
values ('1318470302167', '1318470302165', '北京软通动力部门经理', '1318470302179');
insert into SYS_R_DUTY_AGENCY (DUTYID, AGENCYID, NAME, ID)
values ('1318470302167', '1318470302166', '上海软通动力部门经理', '1318470302180');
insert into SYS_R_DUTY_AGENCY (DUTYID, AGENCYID, NAME, ID)
values ('1318470302168', '1318470302163', '软通动力主管副总', '1318470302181');
insert into SYS_R_DUTY_AGENCY (DUTYID, AGENCYID, NAME, ID)
values ('1318470302168', '1318470302164', '天津软通动力主管副总', '1318470302182');
insert into SYS_R_DUTY_AGENCY (DUTYID, AGENCYID, NAME, ID)
values ('1318470302168', '1318470302165', '北京软通动力主管副总', '1318470302183');
insert into SYS_R_DUTY_AGENCY (DUTYID, AGENCYID, NAME, ID)
values ('1318470302168', '1318470302166', '上海软通动力主管副总', '1318470302184');
insert into SYS_R_DUTY_AGENCY (DUTYID, AGENCYID, NAME, ID)
values ('1318470302169', '1318470302163', '软通动力监管副总', '1318470302185');
insert into SYS_R_DUTY_AGENCY (DUTYID, AGENCYID, NAME, ID)
values ('1318470302169', '1318470302164', '天津软通动力监管副总', '1318470302186');
insert into SYS_R_DUTY_AGENCY (DUTYID, AGENCYID, NAME, ID)
values ('1318470302169', '1318470302165', '北京软通动力监管副总', '1318470302187');
insert into SYS_R_DUTY_AGENCY (DUTYID, AGENCYID, NAME, ID)
values ('1318470302169', '1318470302166', '上海软通动力监管副总', '1318470302188');
insert into SYS_R_DUTY_AGENCY (DUTYID, AGENCYID, NAME, ID)
values ('1318470302170', '1318470302163', '软通动力财务人员', '1318470302189');
insert into SYS_R_DUTY_AGENCY (DUTYID, AGENCYID, NAME, ID)
values ('1318470302170', '1318470302164', '天津软通动力财务人员', '1318470302190');
insert into SYS_R_DUTY_AGENCY (DUTYID, AGENCYID, NAME, ID)
values ('1318470302170', '1318470302165', '北京软通动力财务人员', '1318470302191');
insert into SYS_R_DUTY_AGENCY (DUTYID, AGENCYID, NAME, ID)
values ('1318470302170', '1318470302166', '上海软通动力财务人员', '1318470302192');
insert into SYS_R_DUTY_AGENCY (DUTYID, AGENCYID, NAME, ID)
values ('1318470302171', '1318470302163', '软通动力财务总监', '1318470302193');
insert into SYS_R_DUTY_AGENCY (DUTYID, AGENCYID, NAME, ID)
values ('1318470302171', '1318470302164', '天津软通动力财务总监', '1318470302194');
insert into SYS_R_DUTY_AGENCY (DUTYID, AGENCYID, NAME, ID)
values ('1318470302171', '1318470302165', '北京软通动力财务总监', '1318470302195');
insert into SYS_R_DUTY_AGENCY (DUTYID, AGENCYID, NAME, ID)
values ('1318470302171', '1318470302166', '上海软通动力财务总监', '1318470302196');
insert into SYS_R_DUTY_AGENCY (DUTYID, AGENCYID, NAME, ID)
values ('1318470302172', '1318470302163', '软通动力总经理', '1318470302197');
insert into SYS_R_DUTY_AGENCY (DUTYID, AGENCYID, NAME, ID)
values ('1318470302172', '1318470302164', '天津软通动力总经理', '1318470302198');
insert into SYS_R_DUTY_AGENCY (DUTYID, AGENCYID, NAME, ID)
values ('1318470302172', '1318470302165', '北京软通动力总经理', '1318470302199');
insert into SYS_R_DUTY_AGENCY (DUTYID, AGENCYID, NAME, ID)
values ('1318470302172', '1318470302166', '上海软通动力总经理', '1318470302200');

/* 用户 */
insert into SYS_USER (ID, LOGINNAME, PASSWORD, FLAG, USBKEY, EMAIL, IDENTIFIER, CELLPHONE, OFFICEPHONE, FAMILLYPHONE, FAX, CERTIFICATE, STARTTIME, ENDTIME, STATUS, MODTIME, MODIFIERID, DESCRIPTION, CODE, NAME, COMMITERID, ISADMINISTRATOR, ORGID, DEPID, SPIN, PWDMODTIME, MSN, NATIVELANG)
values ('1318472703842', '001', 'E10ADC3949BA59ABBE56E057F20F883E', '1', null, null, null, null, null, null, null, null, str_to_date('12-03-2010 11:22:51', '%d-%m-%Y %H:%i:%s'), str_to_date('12-03-2020 11:22:51', '%d-%m-%Y %H:%i:%s'), '1', str_to_date('13-10-2011 11:22:51', '%d-%m-%Y %H:%i:%s'), '0002', null, '001', '测试用户001', '0001', '0', '1318470302163', null, 'toft', null, null, 'zh_CN');
insert into SYS_USER (ID, LOGINNAME, PASSWORD, FLAG, USBKEY, EMAIL, IDENTIFIER, CELLPHONE, OFFICEPHONE, FAMILLYPHONE, FAX, CERTIFICATE, STARTTIME, ENDTIME, STATUS, MODTIME, MODIFIERID, DESCRIPTION, CODE, NAME, COMMITERID, ISADMINISTRATOR, ORGID, DEPID, SPIN, PWDMODTIME, MSN, NATIVELANG)
values ('1318472703843', '002', 'E10ADC3949BA59ABBE56E057F20F883E', '1', null, null, null, null, null, null, null, null, str_to_date('12-03-2010 11:22:51', '%d-%m-%Y %H:%i:%s'), str_to_date('12-03-2020 11:22:51', '%d-%m-%Y %H:%i:%s'), '1', str_to_date('13-10-2011 11:22:51', '%d-%m-%Y %H:%i:%s'), '0002', null, '002', '测试用户002', '0001', '0', '1318470302163', null, 'toft', null, null, 'zh_CN');
insert into SYS_USER (ID, LOGINNAME, PASSWORD, FLAG, USBKEY, EMAIL, IDENTIFIER, CELLPHONE, OFFICEPHONE, FAMILLYPHONE, FAX, CERTIFICATE, STARTTIME, ENDTIME, STATUS, MODTIME, MODIFIERID, DESCRIPTION, CODE, NAME, COMMITERID, ISADMINISTRATOR, ORGID, DEPID, SPIN, PWDMODTIME, MSN, NATIVELANG)
values ('1318472703844', '003', 'E10ADC3949BA59ABBE56E057F20F883E', '1', null, null, null, null, null, null, null, null, str_to_date('12-03-2010 11:22:51', '%d-%m-%Y %H:%i:%s'), str_to_date('12-03-2020 11:22:51', '%d-%m-%Y %H:%i:%s'), '1', str_to_date('13-10-2011 11:22:51', '%d-%m-%Y %H:%i:%s'), '0002', null, '003', '测试用户003', '0001', '0', '1318470302163', null, 'toft', null, null, 'zh_CN');
insert into SYS_USER (ID, LOGINNAME, PASSWORD, FLAG, USBKEY, EMAIL, IDENTIFIER, CELLPHONE, OFFICEPHONE, FAMILLYPHONE, FAX, CERTIFICATE, STARTTIME, ENDTIME, STATUS, MODTIME, MODIFIERID, DESCRIPTION, CODE, NAME, COMMITERID, ISADMINISTRATOR, ORGID, DEPID, SPIN, PWDMODTIME, MSN, NATIVELANG)
values ('1318472703845', '004', 'E10ADC3949BA59ABBE56E057F20F883E', '1', null, null, null, null, null, null, null, null, str_to_date('12-03-2010 11:22:51', '%d-%m-%Y %H:%i:%s'), str_to_date('12-03-2020 11:22:51', '%d-%m-%Y %H:%i:%s'), '1', str_to_date('13-10-2011 11:22:51', '%d-%m-%Y %H:%i:%s'), '0002', null, '004', '测试用户004', '0001', '0', '1318470302163', null, 'toft', null, null, 'zh_CN');
insert into SYS_USER (ID, LOGINNAME, PASSWORD, FLAG, USBKEY, EMAIL, IDENTIFIER, CELLPHONE, OFFICEPHONE, FAMILLYPHONE, FAX, CERTIFICATE, STARTTIME, ENDTIME, STATUS, MODTIME, MODIFIERID, DESCRIPTION, CODE, NAME, COMMITERID, ISADMINISTRATOR, ORGID, DEPID, SPIN, PWDMODTIME, MSN, NATIVELANG)
values ('1318472703846', '005', 'E10ADC3949BA59ABBE56E057F20F883E', '1', null, null, null, null, null, null, null, null, str_to_date('12-03-2010 11:22:51', '%d-%m-%Y %H:%i:%s'), str_to_date('12-03-2020 11:22:51', '%d-%m-%Y %H:%i:%s'), '1', str_to_date('13-10-2011 11:22:51', '%d-%m-%Y %H:%i:%s'), '0002', null, '005', '测试用户005', '0001', '0', '1318470302163', null, 'toft', null, null, 'zh_CN');
insert into SYS_USER (ID, LOGINNAME, PASSWORD, FLAG, USBKEY, EMAIL, IDENTIFIER, CELLPHONE, OFFICEPHONE, FAMILLYPHONE, FAX, CERTIFICATE, STARTTIME, ENDTIME, STATUS, MODTIME, MODIFIERID, DESCRIPTION, CODE, NAME, COMMITERID, ISADMINISTRATOR, ORGID, DEPID, SPIN, PWDMODTIME, MSN, NATIVELANG)
values ('1318472703847', '006', 'E10ADC3949BA59ABBE56E057F20F883E', '1', null, null, null, null, null, null, null, null, str_to_date('12-03-2010 11:22:51', '%d-%m-%Y %H:%i:%s'), str_to_date('12-03-2020 11:22:51', '%d-%m-%Y %H:%i:%s'), '1', str_to_date('13-10-2011 11:22:51', '%d-%m-%Y %H:%i:%s'), '0002', null, '006', '测试用户006', '0001', '0', '1318470302163', null, 'toft', null, null, 'zh_CN');
insert into SYS_USER (ID, LOGINNAME, PASSWORD, FLAG, USBKEY, EMAIL, IDENTIFIER, CELLPHONE, OFFICEPHONE, FAMILLYPHONE, FAX, CERTIFICATE, STARTTIME, ENDTIME, STATUS, MODTIME, MODIFIERID, DESCRIPTION, CODE, NAME, COMMITERID, ISADMINISTRATOR, ORGID, DEPID, SPIN, PWDMODTIME, MSN, NATIVELANG)
values ('1318472703848', '007', 'E10ADC3949BA59ABBE56E057F20F883E', '1', null, null, null, null, null, null, null, null, str_to_date('12-03-2010 11:22:51', '%d-%m-%Y %H:%i:%s'), str_to_date('12-03-2020 11:22:51', '%d-%m-%Y %H:%i:%s'), '1', str_to_date('13-10-2011 11:22:51', '%d-%m-%Y %H:%i:%s'), '0002', null, '007', '测试用户007', '0001', '0', '1318470302163', null, 'toft', null, null, 'zh_CN');
insert into SYS_USER (ID, LOGINNAME, PASSWORD, FLAG, USBKEY, EMAIL, IDENTIFIER, CELLPHONE, OFFICEPHONE, FAMILLYPHONE, FAX, CERTIFICATE, STARTTIME, ENDTIME, STATUS, MODTIME, MODIFIERID, DESCRIPTION, CODE, NAME, COMMITERID, ISADMINISTRATOR, ORGID, DEPID, SPIN, PWDMODTIME, MSN, NATIVELANG)
values ('1318472703849', '008', 'E10ADC3949BA59ABBE56E057F20F883E', '1', null, null, null, null, null, null, null, null, str_to_date('12-03-2010 11:22:51', '%d-%m-%Y %H:%i:%s'), str_to_date('12-03-2020 11:22:51', '%d-%m-%Y %H:%i:%s'), '1', str_to_date('13-10-2011 11:22:51', '%d-%m-%Y %H:%i:%s'), '0002', null, '008', '测试用户008', '0001', '0', '1318470302163', null, 'toft', null, null, 'zh_CN');
insert into SYS_USER (ID, LOGINNAME, PASSWORD, FLAG, USBKEY, EMAIL, IDENTIFIER, CELLPHONE, OFFICEPHONE, FAMILLYPHONE, FAX, CERTIFICATE, STARTTIME, ENDTIME, STATUS, MODTIME, MODIFIERID, DESCRIPTION, CODE, NAME, COMMITERID, ISADMINISTRATOR, ORGID, DEPID, SPIN, PWDMODTIME, MSN, NATIVELANG)
values ('1318472703850', '009', 'E10ADC3949BA59ABBE56E057F20F883E', '1', null, null, null, null, null, null, null, null, str_to_date('12-03-2010 11:22:51', '%d-%m-%Y %H:%i:%s'), str_to_date('12-03-2020 11:22:51', '%d-%m-%Y %H:%i:%s'), '1', str_to_date('13-10-2011 11:22:51', '%d-%m-%Y %H:%i:%s'), '0002', null, '009', '测试用户009', '0001', '0', '1318470302163', null, 'toft', null, null, 'zh_CN');
insert into SYS_USER (ID, LOGINNAME, PASSWORD, FLAG, USBKEY, EMAIL, IDENTIFIER, CELLPHONE, OFFICEPHONE, FAMILLYPHONE, FAX, CERTIFICATE, STARTTIME, ENDTIME, STATUS, MODTIME, MODIFIERID, DESCRIPTION, CODE, NAME, COMMITERID, ISADMINISTRATOR, ORGID, DEPID, SPIN, PWDMODTIME, MSN, NATIVELANG)
values ('1318472703851', '010', 'E10ADC3949BA59ABBE56E057F20F883E', '1', null, null, null, null, null, null, null, null, str_to_date('12-03-2010 11:22:51', '%d-%m-%Y %H:%i:%s'), str_to_date('12-03-2020 11:22:51', '%d-%m-%Y %H:%i:%s'), '1', str_to_date('13-10-2011 11:22:51', '%d-%m-%Y %H:%i:%s'), '0002', null, '010', '测试用户010', '0001', '0', '1318470302163', null, 'toft', null, null, 'zh_CN');



insert into SYS_USER (ID, LOGINNAME, PASSWORD, FLAG, USBKEY, EMAIL, IDENTIFIER, CELLPHONE, OFFICEPHONE, FAMILLYPHONE, FAX, CERTIFICATE, STARTTIME, ENDTIME, STATUS, MODTIME, MODIFIERID, DESCRIPTION, CODE, NAME, COMMITERID, ISADMINISTRATOR, ORGID, DEPID, SPIN, PWDMODTIME, MSN, NATIVELANG)
values ('1318472703852', '1001', 'E10ADC3949BA59ABBE56E057F20F883E', '1', null, null, null, null, null, null, null, null, str_to_date('12-03-2010 11:22:51', '%d-%m-%Y %H:%i:%s'), str_to_date('12-03-2020 11:22:51', '%d-%m-%Y %H:%i:%s'), '1', str_to_date('13-10-2011 11:22:51', '%d-%m-%Y %H:%i:%s'), '0002', null, '1001', '测试用户1001', '0001', '0', '1318470302164', null, 'toft', null, null, 'zh_CN');
insert into SYS_USER (ID, LOGINNAME, PASSWORD, FLAG, USBKEY, EMAIL, IDENTIFIER, CELLPHONE, OFFICEPHONE, FAMILLYPHONE, FAX, CERTIFICATE, STARTTIME, ENDTIME, STATUS, MODTIME, MODIFIERID, DESCRIPTION, CODE, NAME, COMMITERID, ISADMINISTRATOR, ORGID, DEPID, SPIN, PWDMODTIME, MSN, NATIVELANG)
values ('1318472703853', '1002', 'E10ADC3949BA59ABBE56E057F20F883E', '1', null, null, null, null, null, null, null, null, str_to_date('12-03-2010 11:22:51', '%d-%m-%Y %H:%i:%s'), str_to_date('12-03-2020 11:22:51', '%d-%m-%Y %H:%i:%s'), '1', str_to_date('13-10-2011 11:22:51', '%d-%m-%Y %H:%i:%s'), '0002', null, '1002', '测试用户1002', '0001', '0', '1318470302164', null, 'toft', null, null, 'zh_CN');
insert into SYS_USER (ID, LOGINNAME, PASSWORD, FLAG, USBKEY, EMAIL, IDENTIFIER, CELLPHONE, OFFICEPHONE, FAMILLYPHONE, FAX, CERTIFICATE, STARTTIME, ENDTIME, STATUS, MODTIME, MODIFIERID, DESCRIPTION, CODE, NAME, COMMITERID, ISADMINISTRATOR, ORGID, DEPID, SPIN, PWDMODTIME, MSN, NATIVELANG)
values ('1318472703854', '1003', 'E10ADC3949BA59ABBE56E057F20F883E', '1', null, null, null, null, null, null, null, null, str_to_date('12-03-2010 11:22:51', '%d-%m-%Y %H:%i:%s'), str_to_date('12-03-2020 11:22:51', '%d-%m-%Y %H:%i:%s'), '1', str_to_date('13-10-2011 11:22:51', '%d-%m-%Y %H:%i:%s'), '0002', null, '1003', '测试用户1003', '0001', '0', '1318470302164', null, 'toft', null, null, 'zh_CN');
insert into SYS_USER (ID, LOGINNAME, PASSWORD, FLAG, USBKEY, EMAIL, IDENTIFIER, CELLPHONE, OFFICEPHONE, FAMILLYPHONE, FAX, CERTIFICATE, STARTTIME, ENDTIME, STATUS, MODTIME, MODIFIERID, DESCRIPTION, CODE, NAME, COMMITERID, ISADMINISTRATOR, ORGID, DEPID, SPIN, PWDMODTIME, MSN, NATIVELANG)
values ('1318472703855', '1004', 'E10ADC3949BA59ABBE56E057F20F883E', '1', null, null, null, null, null, null, null, null, str_to_date('12-03-2010 11:22:51', '%d-%m-%Y %H:%i:%s'), str_to_date('12-03-2020 11:22:51', '%d-%m-%Y %H:%i:%s'), '1', str_to_date('13-10-2011 11:22:51', '%d-%m-%Y %H:%i:%s'), '0002', null, '1004', '测试用户1004', '0001', '0', '1318470302164', null, 'toft', null, null, 'zh_CN');
insert into SYS_USER (ID, LOGINNAME, PASSWORD, FLAG, USBKEY, EMAIL, IDENTIFIER, CELLPHONE, OFFICEPHONE, FAMILLYPHONE, FAX, CERTIFICATE, STARTTIME, ENDTIME, STATUS, MODTIME, MODIFIERID, DESCRIPTION, CODE, NAME, COMMITERID, ISADMINISTRATOR, ORGID, DEPID, SPIN, PWDMODTIME, MSN, NATIVELANG)
values ('1318472703856', '1005', 'E10ADC3949BA59ABBE56E057F20F883E', '1', null, null, null, null, null, null, null, null, str_to_date('12-03-2010 11:22:51', '%d-%m-%Y %H:%i:%s'), str_to_date('12-03-2020 11:22:51', '%d-%m-%Y %H:%i:%s'), '1', str_to_date('13-10-2011 11:22:51', '%d-%m-%Y %H:%i:%s'), '0002', null, '1005', '测试用户1005', '0001', '0', '1318470302164', null, 'toft', null, null, 'zh_CN');
insert into SYS_USER (ID, LOGINNAME, PASSWORD, FLAG, USBKEY, EMAIL, IDENTIFIER, CELLPHONE, OFFICEPHONE, FAMILLYPHONE, FAX, CERTIFICATE, STARTTIME, ENDTIME, STATUS, MODTIME, MODIFIERID, DESCRIPTION, CODE, NAME, COMMITERID, ISADMINISTRATOR, ORGID, DEPID, SPIN, PWDMODTIME, MSN, NATIVELANG)
values ('1318472703857', '1006', 'E10ADC3949BA59ABBE56E057F20F883E', '1', null, null, null, null, null, null, null, null, str_to_date('12-03-2010 11:22:51', '%d-%m-%Y %H:%i:%s'), str_to_date('12-03-2020 11:22:51', '%d-%m-%Y %H:%i:%s'), '1', str_to_date('13-10-2011 11:22:51', '%d-%m-%Y %H:%i:%s'), '0002', null, '1006', '测试用户1006', '0001', '0', '1318470302164', null, 'toft', null, null, 'zh_CN');
insert into SYS_USER (ID, LOGINNAME, PASSWORD, FLAG, USBKEY, EMAIL, IDENTIFIER, CELLPHONE, OFFICEPHONE, FAMILLYPHONE, FAX, CERTIFICATE, STARTTIME, ENDTIME, STATUS, MODTIME, MODIFIERID, DESCRIPTION, CODE, NAME, COMMITERID, ISADMINISTRATOR, ORGID, DEPID, SPIN, PWDMODTIME, MSN, NATIVELANG)
values ('1318472703858', '1007', 'E10ADC3949BA59ABBE56E057F20F883E', '1', null, null, null, null, null, null, null, null, str_to_date('12-03-2010 11:22:51', '%d-%m-%Y %H:%i:%s'), str_to_date('12-03-2020 11:22:51', '%d-%m-%Y %H:%i:%s'), '1', str_to_date('13-10-2011 11:22:51', '%d-%m-%Y %H:%i:%s'), '0002', null, '1007', '测试用户1007', '0001', '0', '1318470302164', null, 'toft', null, null, 'zh_CN');
insert into SYS_USER (ID, LOGINNAME, PASSWORD, FLAG, USBKEY, EMAIL, IDENTIFIER, CELLPHONE, OFFICEPHONE, FAMILLYPHONE, FAX, CERTIFICATE, STARTTIME, ENDTIME, STATUS, MODTIME, MODIFIERID, DESCRIPTION, CODE, NAME, COMMITERID, ISADMINISTRATOR, ORGID, DEPID, SPIN, PWDMODTIME, MSN, NATIVELANG)
values ('1318472703859', '1008', 'E10ADC3949BA59ABBE56E057F20F883E', '1', null, null, null, null, null, null, null, null, str_to_date('12-03-2010 11:22:51', '%d-%m-%Y %H:%i:%s'), str_to_date('12-03-2020 11:22:51', '%d-%m-%Y %H:%i:%s'), '1', str_to_date('13-10-2011 11:22:51', '%d-%m-%Y %H:%i:%s'), '0002', null, '1008', '测试用户1008', '0001', '0', '1318470302164', null, 'toft', null, null, 'zh_CN');
insert into SYS_USER (ID, LOGINNAME, PASSWORD, FLAG, USBKEY, EMAIL, IDENTIFIER, CELLPHONE, OFFICEPHONE, FAMILLYPHONE, FAX, CERTIFICATE, STARTTIME, ENDTIME, STATUS, MODTIME, MODIFIERID, DESCRIPTION, CODE, NAME, COMMITERID, ISADMINISTRATOR, ORGID, DEPID, SPIN, PWDMODTIME, MSN, NATIVELANG)
values ('1318472703860', '1009', 'E10ADC3949BA59ABBE56E057F20F883E', '1', null, null, null, null, null, null, null, null, str_to_date('12-03-2010 11:22:51', '%d-%m-%Y %H:%i:%s'), str_to_date('12-03-2020 11:22:51', '%d-%m-%Y %H:%i:%s'), '1', str_to_date('13-10-2011 11:22:51', '%d-%m-%Y %H:%i:%s'), '0002', null, '1009', '测试用户1009', '0001', '0', '1318470302164', null, 'toft', null, null, 'zh_CN');
insert into SYS_USER (ID, LOGINNAME, PASSWORD, FLAG, USBKEY, EMAIL, IDENTIFIER, CELLPHONE, OFFICEPHONE, FAMILLYPHONE, FAX, CERTIFICATE, STARTTIME, ENDTIME, STATUS, MODTIME, MODIFIERID, DESCRIPTION, CODE, NAME, COMMITERID, ISADMINISTRATOR, ORGID, DEPID, SPIN, PWDMODTIME, MSN, NATIVELANG)
values ('1318472703861', '1010', 'E10ADC3949BA59ABBE56E057F20F883E', '1', null, null, null, null, null, null, null, null, str_to_date('12-03-2010 11:22:51', '%d-%m-%Y %H:%i:%s'), str_to_date('12-03-2020 11:22:51', '%d-%m-%Y %H:%i:%s'), '1', str_to_date('13-10-2011 11:22:51', '%d-%m-%Y %H:%i:%s'), '0002', null, '1010', '测试用户1010', '0001', '0', '1318470302164', null, 'toft', null, null, 'zh_CN');

insert into SYS_USER (ID, LOGINNAME, PASSWORD, FLAG, USBKEY, EMAIL, IDENTIFIER, CELLPHONE, OFFICEPHONE, FAMILLYPHONE, FAX, CERTIFICATE, STARTTIME, ENDTIME, STATUS, MODTIME, MODIFIERID, DESCRIPTION, CODE, NAME, COMMITERID, ISADMINISTRATOR, ORGID, DEPID, SPIN, PWDMODTIME, MSN, NATIVELANG)
values ('1318472703862', '2001', 'E10ADC3949BA59ABBE56E057F20F883E', '1', null, null, null, null, null, null, null, null, str_to_date('12-03-2010 11:22:51', '%d-%m-%Y %H:%i:%s'), str_to_date('12-03-2020 11:22:51', '%d-%m-%Y %H:%i:%s'), '1', str_to_date('13-10-2011 11:22:51', '%d-%m-%Y %H:%i:%s'), '0002', null, '2001', '测试用户2001', '0001', '0', '1318470302165', null, 'toft', null, null, 'zh_CN');
insert into SYS_USER (ID, LOGINNAME, PASSWORD, FLAG, USBKEY, EMAIL, IDENTIFIER, CELLPHONE, OFFICEPHONE, FAMILLYPHONE, FAX, CERTIFICATE, STARTTIME, ENDTIME, STATUS, MODTIME, MODIFIERID, DESCRIPTION, CODE, NAME, COMMITERID, ISADMINISTRATOR, ORGID, DEPID, SPIN, PWDMODTIME, MSN, NATIVELANG)
values ('1318472703863', '2002', 'E10ADC3949BA59ABBE56E057F20F883E', '1', null, null, null, null, null, null, null, null, str_to_date('12-03-2010 11:22:51', '%d-%m-%Y %H:%i:%s'), str_to_date('12-03-2020 11:22:51', '%d-%m-%Y %H:%i:%s'), '1', str_to_date('13-10-2011 11:22:51', '%d-%m-%Y %H:%i:%s'), '0002', null, '2002', '测试用户2002', '0001', '0', '1318470302165', null, 'toft', null, null, 'zh_CN');
insert into SYS_USER (ID, LOGINNAME, PASSWORD, FLAG, USBKEY, EMAIL, IDENTIFIER, CELLPHONE, OFFICEPHONE, FAMILLYPHONE, FAX, CERTIFICATE, STARTTIME, ENDTIME, STATUS, MODTIME, MODIFIERID, DESCRIPTION, CODE, NAME, COMMITERID, ISADMINISTRATOR, ORGID, DEPID, SPIN, PWDMODTIME, MSN, NATIVELANG)
values ('1318472703864', '2003', 'E10ADC3949BA59ABBE56E057F20F883E', '1', null, null, null, null, null, null, null, null, str_to_date('12-03-2010 11:22:51', '%d-%m-%Y %H:%i:%s'), str_to_date('12-03-2020 11:22:51', '%d-%m-%Y %H:%i:%s'), '1', str_to_date('13-10-2011 11:22:51', '%d-%m-%Y %H:%i:%s'), '0002', null, '2003', '测试用户2003', '0001', '0', '1318470302165', null, 'toft', null, null, 'zh_CN');
insert into SYS_USER (ID, LOGINNAME, PASSWORD, FLAG, USBKEY, EMAIL, IDENTIFIER, CELLPHONE, OFFICEPHONE, FAMILLYPHONE, FAX, CERTIFICATE, STARTTIME, ENDTIME, STATUS, MODTIME, MODIFIERID, DESCRIPTION, CODE, NAME, COMMITERID, ISADMINISTRATOR, ORGID, DEPID, SPIN, PWDMODTIME, MSN, NATIVELANG)
values ('1318472703865', '2004', 'E10ADC3949BA59ABBE56E057F20F883E', '1', null, null, null, null, null, null, null, null, str_to_date('12-03-2010 11:22:51', '%d-%m-%Y %H:%i:%s'), str_to_date('12-03-2020 11:22:51', '%d-%m-%Y %H:%i:%s'), '1', str_to_date('13-10-2011 11:22:51', '%d-%m-%Y %H:%i:%s'), '0002', null, '2004', '测试用户2004', '0001', '0', '1318470302165', null, 'toft', null, null, 'zh_CN');
insert into SYS_USER (ID, LOGINNAME, PASSWORD, FLAG, USBKEY, EMAIL, IDENTIFIER, CELLPHONE, OFFICEPHONE, FAMILLYPHONE, FAX, CERTIFICATE, STARTTIME, ENDTIME, STATUS, MODTIME, MODIFIERID, DESCRIPTION, CODE, NAME, COMMITERID, ISADMINISTRATOR, ORGID, DEPID, SPIN, PWDMODTIME, MSN, NATIVELANG)
values ('1318472703866', '2005', 'E10ADC3949BA59ABBE56E057F20F883E', '1', null, null, null, null, null, null, null, null, str_to_date('12-03-2010 11:22:51', '%d-%m-%Y %H:%i:%s'), str_to_date('12-03-2020 11:22:51', '%d-%m-%Y %H:%i:%s'), '1', str_to_date('13-10-2011 11:22:51', '%d-%m-%Y %H:%i:%s'), '0002', null, '2005', '测试用户2005', '0001', '0', '1318470302165', null, 'toft', null, null, 'zh_CN');
insert into SYS_USER (ID, LOGINNAME, PASSWORD, FLAG, USBKEY, EMAIL, IDENTIFIER, CELLPHONE, OFFICEPHONE, FAMILLYPHONE, FAX, CERTIFICATE, STARTTIME, ENDTIME, STATUS, MODTIME, MODIFIERID, DESCRIPTION, CODE, NAME, COMMITERID, ISADMINISTRATOR, ORGID, DEPID, SPIN, PWDMODTIME, MSN, NATIVELANG)
values ('1318472703867', '2006', 'E10ADC3949BA59ABBE56E057F20F883E', '1', null, null, null, null, null, null, null, null, str_to_date('12-03-2010 11:22:51', '%d-%m-%Y %H:%i:%s'), str_to_date('12-03-2020 11:22:51', '%d-%m-%Y %H:%i:%s'), '1', str_to_date('13-10-2011 11:22:51', '%d-%m-%Y %H:%i:%s'), '0002', null, '2006', '测试用户2006', '0001', '0', '1318470302165', null, 'toft', null, null, 'zh_CN');
insert into SYS_USER (ID, LOGINNAME, PASSWORD, FLAG, USBKEY, EMAIL, IDENTIFIER, CELLPHONE, OFFICEPHONE, FAMILLYPHONE, FAX, CERTIFICATE, STARTTIME, ENDTIME, STATUS, MODTIME, MODIFIERID, DESCRIPTION, CODE, NAME, COMMITERID, ISADMINISTRATOR, ORGID, DEPID, SPIN, PWDMODTIME, MSN, NATIVELANG)
values ('1318472703868', '2007', 'E10ADC3949BA59ABBE56E057F20F883E', '1', null, null, null, null, null, null, null, null, str_to_date('12-03-2010 11:22:51', '%d-%m-%Y %H:%i:%s'), str_to_date('12-03-2020 11:22:51', '%d-%m-%Y %H:%i:%s'), '1', str_to_date('13-10-2011 11:22:51', '%d-%m-%Y %H:%i:%s'), '0002', null, '2007', '测试用户2007', '0001', '0', '1318470302165', null, 'toft', null, null, 'zh_CN');
insert into SYS_USER (ID, LOGINNAME, PASSWORD, FLAG, USBKEY, EMAIL, IDENTIFIER, CELLPHONE, OFFICEPHONE, FAMILLYPHONE, FAX, CERTIFICATE, STARTTIME, ENDTIME, STATUS, MODTIME, MODIFIERID, DESCRIPTION, CODE, NAME, COMMITERID, ISADMINISTRATOR, ORGID, DEPID, SPIN, PWDMODTIME, MSN, NATIVELANG)
values ('1318472703869', '2008', 'E10ADC3949BA59ABBE56E057F20F883E', '1', null, null, null, null, null, null, null, null, str_to_date('12-03-2010 11:22:51', '%d-%m-%Y %H:%i:%s'), str_to_date('12-03-2020 11:22:51', '%d-%m-%Y %H:%i:%s'), '1', str_to_date('13-10-2011 11:22:51', '%d-%m-%Y %H:%i:%s'), '0002', null, '2008', '测试用户2008', '0001', '0', '1318470302165', null, 'toft', null, null, 'zh_CN');
insert into SYS_USER (ID, LOGINNAME, PASSWORD, FLAG, USBKEY, EMAIL, IDENTIFIER, CELLPHONE, OFFICEPHONE, FAMILLYPHONE, FAX, CERTIFICATE, STARTTIME, ENDTIME, STATUS, MODTIME, MODIFIERID, DESCRIPTION, CODE, NAME, COMMITERID, ISADMINISTRATOR, ORGID, DEPID, SPIN, PWDMODTIME, MSN, NATIVELANG)
values ('1318472703870', '2009', 'E10ADC3949BA59ABBE56E057F20F883E', '1', null, null, null, null, null, null, null, null, str_to_date('12-03-2010 11:22:51', '%d-%m-%Y %H:%i:%s'), str_to_date('12-03-2020 11:22:51', '%d-%m-%Y %H:%i:%s'), '1', str_to_date('13-10-2011 11:22:51', '%d-%m-%Y %H:%i:%s'), '0002', null, '2009', '测试用户2009', '0001', '0', '1318470302165', null, 'toft', null, null, 'zh_CN');
insert into SYS_USER (ID, LOGINNAME, PASSWORD, FLAG, USBKEY, EMAIL, IDENTIFIER, CELLPHONE, OFFICEPHONE, FAMILLYPHONE, FAX, CERTIFICATE, STARTTIME, ENDTIME, STATUS, MODTIME, MODIFIERID, DESCRIPTION, CODE, NAME, COMMITERID, ISADMINISTRATOR, ORGID, DEPID, SPIN, PWDMODTIME, MSN, NATIVELANG)
values ('1318472703871', '2010', 'E10ADC3949BA59ABBE56E057F20F883E', '1', null, null, null, null, null, null, null, null, str_to_date('12-03-2010 11:22:51', '%d-%m-%Y %H:%i:%s'), str_to_date('12-03-2020 11:22:51', '%d-%m-%Y %H:%i:%s'), '1', str_to_date('13-10-2011 11:22:51', '%d-%m-%Y %H:%i:%s'), '0002', null, '2010', '测试用户2010', '0001', '0', '1318470302165', null, 'toft', null, null, 'zh_CN');

insert into SYS_USER (ID, LOGINNAME, PASSWORD, FLAG, USBKEY, EMAIL, IDENTIFIER, CELLPHONE, OFFICEPHONE, FAMILLYPHONE, FAX, CERTIFICATE, STARTTIME, ENDTIME, STATUS, MODTIME, MODIFIERID, DESCRIPTION, CODE, NAME, COMMITERID, ISADMINISTRATOR, ORGID, DEPID, SPIN, PWDMODTIME, MSN, NATIVELANG)
values ('1318472703872', '3001', 'E10ADC3949BA59ABBE56E057F20F883E', '1', null, null, null, null, null, null, null, null, str_to_date('12-03-2010 11:22:51', '%d-%m-%Y %H:%i:%s'), str_to_date('12-03-2020 11:22:51', '%d-%m-%Y %H:%i:%s'), '1', str_to_date('13-10-2011 11:22:51', '%d-%m-%Y %H:%i:%s'), '0002', null, '3001', '测试用户3001', '0001', '0', '1318470302166', null, 'toft', null, null, 'zh_CN');
insert into SYS_USER (ID, LOGINNAME, PASSWORD, FLAG, USBKEY, EMAIL, IDENTIFIER, CELLPHONE, OFFICEPHONE, FAMILLYPHONE, FAX, CERTIFICATE, STARTTIME, ENDTIME, STATUS, MODTIME, MODIFIERID, DESCRIPTION, CODE, NAME, COMMITERID, ISADMINISTRATOR, ORGID, DEPID, SPIN, PWDMODTIME, MSN, NATIVELANG)
values ('1318472703873', '3002', 'E10ADC3949BA59ABBE56E057F20F883E', '1', null, null, null, null, null, null, null, null, str_to_date('12-03-2010 11:22:51', '%d-%m-%Y %H:%i:%s'), str_to_date('12-03-2020 11:22:51', '%d-%m-%Y %H:%i:%s'), '1', str_to_date('13-10-2011 11:22:51', '%d-%m-%Y %H:%i:%s'), '0002', null, '3002', '测试用户3002', '0001', '0', '1318470302166', null, 'toft', null, null, 'zh_CN');
insert into SYS_USER (ID, LOGINNAME, PASSWORD, FLAG, USBKEY, EMAIL, IDENTIFIER, CELLPHONE, OFFICEPHONE, FAMILLYPHONE, FAX, CERTIFICATE, STARTTIME, ENDTIME, STATUS, MODTIME, MODIFIERID, DESCRIPTION, CODE, NAME, COMMITERID, ISADMINISTRATOR, ORGID, DEPID, SPIN, PWDMODTIME, MSN, NATIVELANG)
values ('1318472703874', '3003', 'E10ADC3949BA59ABBE56E057F20F883E', '1', null, null, null, null, null, null, null, null, str_to_date('12-03-2010 11:22:51', '%d-%m-%Y %H:%i:%s'), str_to_date('12-03-2020 11:22:51', '%d-%m-%Y %H:%i:%s'), '1', str_to_date('13-10-2011 11:22:51', '%d-%m-%Y %H:%i:%s'), '0002', null, '3003', '测试用户3003', '0001', '0', '1318470302166', null, 'toft', null, null, 'zh_CN');
insert into SYS_USER (ID, LOGINNAME, PASSWORD, FLAG, USBKEY, EMAIL, IDENTIFIER, CELLPHONE, OFFICEPHONE, FAMILLYPHONE, FAX, CERTIFICATE, STARTTIME, ENDTIME, STATUS, MODTIME, MODIFIERID, DESCRIPTION, CODE, NAME, COMMITERID, ISADMINISTRATOR, ORGID, DEPID, SPIN, PWDMODTIME, MSN, NATIVELANG)
values ('1318472703875', '3004', 'E10ADC3949BA59ABBE56E057F20F883E', '1', null, null, null, null, null, null, null, null, str_to_date('12-03-2010 11:22:51', '%d-%m-%Y %H:%i:%s'), str_to_date('12-03-2020 11:22:51', '%d-%m-%Y %H:%i:%s'), '1', str_to_date('13-10-2011 11:22:51', '%d-%m-%Y %H:%i:%s'), '0002', null, '3004', '测试用户3004', '0001', '0', '1318470302166', null, 'toft', null, null, 'zh_CN');
insert into SYS_USER (ID, LOGINNAME, PASSWORD, FLAG, USBKEY, EMAIL, IDENTIFIER, CELLPHONE, OFFICEPHONE, FAMILLYPHONE, FAX, CERTIFICATE, STARTTIME, ENDTIME, STATUS, MODTIME, MODIFIERID, DESCRIPTION, CODE, NAME, COMMITERID, ISADMINISTRATOR, ORGID, DEPID, SPIN, PWDMODTIME, MSN, NATIVELANG)
values ('1318472703876', '3005', 'E10ADC3949BA59ABBE56E057F20F883E', '1', null, null, null, null, null, null, null, null, str_to_date('12-03-2010 11:22:51', '%d-%m-%Y %H:%i:%s'), str_to_date('12-03-2020 11:22:51', '%d-%m-%Y %H:%i:%s'), '1', str_to_date('13-10-2011 11:22:51', '%d-%m-%Y %H:%i:%s'), '0002', null, '3005', '测试用户3005', '0001', '0', '1318470302166', null, 'toft', null, null, 'zh_CN');
insert into SYS_USER (ID, LOGINNAME, PASSWORD, FLAG, USBKEY, EMAIL, IDENTIFIER, CELLPHONE, OFFICEPHONE, FAMILLYPHONE, FAX, CERTIFICATE, STARTTIME, ENDTIME, STATUS, MODTIME, MODIFIERID, DESCRIPTION, CODE, NAME, COMMITERID, ISADMINISTRATOR, ORGID, DEPID, SPIN, PWDMODTIME, MSN, NATIVELANG)
values ('1318472703877', '3006', 'E10ADC3949BA59ABBE56E057F20F883E', '1', null, null, null, null, null, null, null, null, str_to_date('12-03-2010 11:22:51', '%d-%m-%Y %H:%i:%s'), str_to_date('12-03-2020 11:22:51', '%d-%m-%Y %H:%i:%s'), '1', str_to_date('13-10-2011 11:22:51', '%d-%m-%Y %H:%i:%s'), '0002', null, '3006', '测试用户3006', '0001', '0', '1318470302166', null, 'toft', null, null, 'zh_CN');
insert into SYS_USER (ID, LOGINNAME, PASSWORD, FLAG, USBKEY, EMAIL, IDENTIFIER, CELLPHONE, OFFICEPHONE, FAMILLYPHONE, FAX, CERTIFICATE, STARTTIME, ENDTIME, STATUS, MODTIME, MODIFIERID, DESCRIPTION, CODE, NAME, COMMITERID, ISADMINISTRATOR, ORGID, DEPID, SPIN, PWDMODTIME, MSN, NATIVELANG)
values ('1318472703878', '3007', 'E10ADC3949BA59ABBE56E057F20F883E', '1', null, null, null, null, null, null, null, null, str_to_date('12-03-2010 11:22:51', '%d-%m-%Y %H:%i:%s'), str_to_date('12-03-2020 11:22:51', '%d-%m-%Y %H:%i:%s'), '1', str_to_date('13-10-2011 11:22:51', '%d-%m-%Y %H:%i:%s'), '0002', null, '3007', '测试用户3007', '0001', '0', '1318470302166', null, 'toft', null, null, 'zh_CN');
insert into SYS_USER (ID, LOGINNAME, PASSWORD, FLAG, USBKEY, EMAIL, IDENTIFIER, CELLPHONE, OFFICEPHONE, FAMILLYPHONE, FAX, CERTIFICATE, STARTTIME, ENDTIME, STATUS, MODTIME, MODIFIERID, DESCRIPTION, CODE, NAME, COMMITERID, ISADMINISTRATOR, ORGID, DEPID, SPIN, PWDMODTIME, MSN, NATIVELANG)
values ('1318472703879', '3008', 'E10ADC3949BA59ABBE56E057F20F883E', '1', null, null, null, null, null, null, null, null, str_to_date('12-03-2010 11:22:51', '%d-%m-%Y %H:%i:%s'), str_to_date('12-03-2020 11:22:51', '%d-%m-%Y %H:%i:%s'), '1', str_to_date('13-10-2011 11:22:51', '%d-%m-%Y %H:%i:%s'), '0002', null, '3008', '测试用户3008', '0001', '0', '1318470302166', null, 'toft', null, null, 'zh_CN');
insert into SYS_USER (ID, LOGINNAME, PASSWORD, FLAG, USBKEY, EMAIL, IDENTIFIER, CELLPHONE, OFFICEPHONE, FAMILLYPHONE, FAX, CERTIFICATE, STARTTIME, ENDTIME, STATUS, MODTIME, MODIFIERID, DESCRIPTION, CODE, NAME, COMMITERID, ISADMINISTRATOR, ORGID, DEPID, SPIN, PWDMODTIME, MSN, NATIVELANG)
values ('1318472703880', '3009', 'E10ADC3949BA59ABBE56E057F20F883E', '1', null, null, null, null, null, null, null, null, str_to_date('12-03-2010 11:22:51', '%d-%m-%Y %H:%i:%s'), str_to_date('12-03-2020 11:22:51', '%d-%m-%Y %H:%i:%s'), '1', str_to_date('13-10-2011 11:22:51', '%d-%m-%Y %H:%i:%s'), '0002', null, '3009', '测试用户3009', '0001', '0', '1318470302166', null, 'toft', null, null, 'zh_CN');
insert into SYS_USER (ID, LOGINNAME, PASSWORD, FLAG, USBKEY, EMAIL, IDENTIFIER, CELLPHONE, OFFICEPHONE, FAMILLYPHONE, FAX, CERTIFICATE, STARTTIME, ENDTIME, STATUS, MODTIME, MODIFIERID, DESCRIPTION, CODE, NAME, COMMITERID, ISADMINISTRATOR, ORGID, DEPID, SPIN, PWDMODTIME, MSN, NATIVELANG)
values ('1318472703881', '3010', 'E10ADC3949BA59ABBE56E057F20F883E', '1', null, null, null, null, null, null, null, null, str_to_date('12-03-2010 11:22:51', '%d-%m-%Y %H:%i:%s'), str_to_date('12-03-2020 11:22:51', '%d-%m-%Y %H:%i:%s'), '1', str_to_date('13-10-2011 11:22:51', '%d-%m-%Y %H:%i:%s'), '0002', null, '3010', '测试用户3010', '0001', '0', '1318470302166', null, 'toft', null, null, 'zh_CN');



/* 用户岗位分配 */
insert into SYS_R_USER_DUTY_AGENCY (USERID, ID, AGENCY_DUTY_ID)
values ('1318472703857', '1318476431017', '1318470302186');
insert into SYS_R_USER_DUTY_AGENCY (USERID, ID, AGENCY_DUTY_ID)
values ('1318472703858', '1318476431018', '1318470302194');
insert into SYS_R_USER_DUTY_AGENCY (USERID, ID, AGENCY_DUTY_ID)
values ('1318472703859', '1318476431019', '1318470302194');
insert into SYS_R_USER_DUTY_AGENCY (USERID, ID, AGENCY_DUTY_ID)
values ('1318472703842', '1318476431000', '1318470302173');
insert into SYS_R_USER_DUTY_AGENCY (USERID, ID, AGENCY_DUTY_ID)
values ('1318472703843', '1318476431001', '1318470302177');
insert into SYS_R_USER_DUTY_AGENCY (USERID, ID, AGENCY_DUTY_ID)
values ('1318472703844', '1318476431002', '1318470302177');
insert into SYS_R_USER_DUTY_AGENCY (USERID, ID, AGENCY_DUTY_ID)
values ('1318472703845', '1318476431003', '1318470302181');
insert into SYS_R_USER_DUTY_AGENCY (USERID, ID, AGENCY_DUTY_ID)
values ('1318472703846', '1318476431004', '1318470302181');
insert into SYS_R_USER_DUTY_AGENCY (USERID, ID, AGENCY_DUTY_ID)
values ('1318472703847', '1318476431005', '1318470302185');
insert into SYS_R_USER_DUTY_AGENCY (USERID, ID, AGENCY_DUTY_ID)
values ('1318472703848', '1318476431006', '1318470302185');
insert into SYS_R_USER_DUTY_AGENCY (USERID, ID, AGENCY_DUTY_ID)
values ('1318472703849', '1318476431007', '1318470302189');
insert into SYS_R_USER_DUTY_AGENCY (USERID, ID, AGENCY_DUTY_ID)
values ('1318472703850', '1318476431008', '1318470302193');
insert into SYS_R_USER_DUTY_AGENCY (USERID, ID, AGENCY_DUTY_ID)
values ('1318472703851', '1318476431009', '1318470302197');
insert into SYS_R_USER_DUTY_AGENCY (USERID, ID, AGENCY_DUTY_ID)
values ('1318472703852', '1318476431010', '1318470302174');
insert into SYS_R_USER_DUTY_AGENCY (USERID, ID, AGENCY_DUTY_ID)
values ('1318472703853', '1318476431011', '1318470302178');
insert into SYS_R_USER_DUTY_AGENCY (USERID, ID, AGENCY_DUTY_ID)
values ('1318472703854', '1318476431012', '1318470302181');
insert into SYS_R_USER_DUTY_AGENCY (USERID, ID, AGENCY_DUTY_ID)
values ('1318472703853', '1318476431013', '1318470302182');
insert into SYS_R_USER_DUTY_AGENCY (USERID, ID, AGENCY_DUTY_ID)
values ('1318472703855', '1318476431014', '1318470302181');
insert into SYS_R_USER_DUTY_AGENCY (USERID, ID, AGENCY_DUTY_ID)
values ('1318472703862', '1318476431022', '1318470302175');
insert into SYS_R_USER_DUTY_AGENCY (USERID, ID, AGENCY_DUTY_ID)
values ('1318472703856', '1318476431016', '1318470302186');
insert into SYS_R_USER_DUTY_AGENCY (USERID, ID, AGENCY_DUTY_ID)
values ('1318472703860', '1318476431020', '1318470302198');
insert into SYS_R_USER_DUTY_AGENCY (USERID, ID, AGENCY_DUTY_ID)
values ('1318472703861', '1318476431021', '1318470302198');
insert into SYS_R_USER_DUTY_AGENCY (USERID, ID, AGENCY_DUTY_ID)
values ('1318472703863', '1318476431023', '1318470302179');
insert into SYS_R_USER_DUTY_AGENCY (USERID, ID, AGENCY_DUTY_ID)
values ('1318472703864', '1318476431024', '1318470302179');
insert into SYS_R_USER_DUTY_AGENCY (USERID, ID, AGENCY_DUTY_ID)
values ('1318472703865', '1318476431025', '1318470302183');
insert into SYS_R_USER_DUTY_AGENCY (USERID, ID, AGENCY_DUTY_ID)
values ('1318472703866', '1318476431026', '1318470302183');
insert into SYS_R_USER_DUTY_AGENCY (USERID, ID, AGENCY_DUTY_ID)
values ('1318472703867', '1318476431027', '1318470302187');
insert into SYS_R_USER_DUTY_AGENCY (USERID, ID, AGENCY_DUTY_ID)
values ('1318472703868', '1318476431028', '1318470302187');
insert into SYS_R_USER_DUTY_AGENCY (USERID, ID, AGENCY_DUTY_ID)
values ('1318472703869', '1318476431029', '1318470302195');
insert into SYS_R_USER_DUTY_AGENCY (USERID, ID, AGENCY_DUTY_ID)
values ('1318472703870', '1318476431030', '1318470302199');
insert into SYS_R_USER_DUTY_AGENCY (USERID, ID, AGENCY_DUTY_ID)
values ('1318472703871', '1318476431031', '1318470302199');
insert into SYS_R_USER_DUTY_AGENCY (USERID, ID, AGENCY_DUTY_ID)
values ('1318472703872', '1318476431032', '1318470302176');
insert into SYS_R_USER_DUTY_AGENCY (USERID, ID, AGENCY_DUTY_ID)
values ('1318472703873', '1318476431033', '1318470302180');
insert into SYS_R_USER_DUTY_AGENCY (USERID, ID, AGENCY_DUTY_ID)
values ('1318472703874', '1318476431034', '1318470302180');
insert into SYS_R_USER_DUTY_AGENCY (USERID, ID, AGENCY_DUTY_ID)
values ('1318472703875', '1318476431035', '1318470302184');
insert into SYS_R_USER_DUTY_AGENCY (USERID, ID, AGENCY_DUTY_ID)
values ('1318472703876', '1318476431036', '1318470302184');
insert into SYS_R_USER_DUTY_AGENCY (USERID, ID, AGENCY_DUTY_ID)
values ('1318472703877', '1318476431037', '1318470302188');
insert into SYS_R_USER_DUTY_AGENCY (USERID, ID, AGENCY_DUTY_ID)
values ('1318472703878', '1318476431038', '1318470302188');
insert into SYS_R_USER_DUTY_AGENCY (USERID, ID, AGENCY_DUTY_ID)
values ('1318472703879', '1318476431039', '1318470302196');
insert into SYS_R_USER_DUTY_AGENCY (USERID, ID, AGENCY_DUTY_ID)
values ('1318472703880', '1318476431040', '1318470302200');
insert into SYS_R_USER_DUTY_AGENCY (USERID, ID, AGENCY_DUTY_ID)
values ('1318472703881', '1318476431041', '1318470302200');

commit;